Drug,smile,Target 1,A,R,N,D,C,Q,E,G,H,I,L,K,M,F,P,S,T,W,Y,V,Total
Pemigatinib,CCN1C2=C3C=C(NC3=NC=C2CN(C1=O)C4=C(C(=CC(=C4F)OC)OC)F)CN5CCOCC5,FGFR1_1,3,0,0,1,0,0,2,2,0,2,3,3,1,1,1,1,0,0,1,4,25
Erdafitinib,CC(C)NCCN(C1=CC2=NC(=CN=C2C=C1)C3=CN(N=C3)C)C4=CC(=CC(=C4)OC)OC,FGFR1_2,3,1,2,1,0,0,3,3,0,2,4,2,1,1,0,1,0,0,1,3,28
Lapatinib,CS(=O)(=O)CCNCC1=CC=C(O1)C2=CC3=C(C=C2)N=CN=C3NC4=CC(=C(C=C4)OCC5=CC(=CC=C5)F)Cl,EGFR,1,3,0,2,2,1,0,2,0,2,7,1,3,1,0,0,2,0,0,1,28
Brigatinib,CN1CCN(CC1)C2CCN(CC2)C3=CC(=C(C=C3)NC4=NC=C(C(=N4)NC5=CC=CC=C5P(=O)(C)C)Cl)OC,EGFRC797S,1,1,1,2,1,1,1,2,0,0,3,1,1,2,1,0,2,0,0,1,21
Actinonin,CCCCC[C@H](CC(=O)NO)C(=O)N[C@@H](C(C)C)C(=O)N1CCC[C@H]1CO,deformylase,0,3,0,0,1,1,3,2,2,1,2,0,0,0,1,2,0,1,0,1,20
Tofacitinib,C[C@@H]1CCN(C[C@@H]1N(C)C2=NC=NC3=C2C=CN3)C(=O)CC#N, JAK1_1,1,1,1,1,0,0,2,5,1,0,3,2,1,1,1,1,0,0,0,3,24
Baricitinib,CCS(=O)(=O)N1CC(C1)(CC#N)N2C=C(C=N2)C3=C4C=CNC4=NC=N3,JAK2 JAH1,1,1,1,1,0,0,1,5,0,1,3,2,1,0,0,1,0,0,1,2,21
Lapatinib,CS(=O)(=O)CCNCC1=CC=C(O1)C2=CC3=C(C=C2)N=CN=C3NC4=CC(=C(C=C4)OCC5=CC(=CC=C5)F)Cl,ErbB4,1,1,0,1,1,1,0,2,0,1,6,1,2,1,0,0,2,0,0,3,23
L-betagamma-meATP,C1=NC(=C2C(=N1)N(C=N2)[C@H]3[C@@H]([C@@H]([C@H](O3)COP(=O)(O)OP(=O)(CP(=O)(O)O)O)O)O)N,FGFR2,3,1,2,1,0,0,4,4,0,1,2,1,0,1,0,0,0,0,1,2,23
Gilteritinib,CCC1=C(N=C(C(=N1)C(=O)N)NC2=CC(=C(C=C2)N3CCC(CC3)N4CCN(CC4)C)OC)NC5CCOCC5,FLT3,1,1,1,2,3,0,1,2,0,0,2,0,0,2,0,0,0,0,2,2,19
Myo-inositol hexaphosphate,C1(C(C(C(C(C1OP(=O)(O)O)OP(=O)(O)O)OP(=O)(O)O)OP(=O)(O)O)OP(=O)(O)O)OP(=O)(O)O,HDAC1:MTA1,0,2,0,0,0,1,0,1,1,1,0,1,0,0,0,0,0,0,1,0,8
Imatinib,CC1=C(C=C(C=C1)NC(=O)C2=CC=C(C=C2)CN3CCN(CC3)C)NC4=NC=CC(=N4)C5=CN=CC=C5,LCK,2,1,0,1,0,0,2,1,1,4,4,1,2,1,0,0,1,0,2,3,26
MMI270,CC(C)C(C(=O)NO)N(CC1=CN=CC=C1)S(=O)(=O)C2=CC=C(C=C2)OC,MMP-1,2,1,1,0,0,0,1,1,4,0,2,0,1,0,1,1,1,0,2,1,19
Imatinib,CC1=C(C=C(C=C1)NC(=O)C2=CC=C(C=C2)CN3CCN(CC3)C)NC4=NC=CC(=N4)C5=CN=CC=C5,PDGFRA,1,1,0,1,3,0,2,1,1,4,3,1,1,1,0,0,1,0,1,4,26
Adenosine,C1=NC(=C2C(=N1)N(C=N2)[C@H]3[C@@H]([C@@H]([C@H](O3)CO)O)O)N,RET_1,2,1,0,1,0,0,2,3,0,1,2,1,0,0,0,1,0,0,1,2,17
Ponatinib,CC1=C(C=C(C=C1)C(=O)NC2=CC(=C(C=C2)CN3CCN(CC3)C)C(F)(F)F)C#CC4=CN=C5N4N=CC=C5,Src Kinase Domain,2,1,0,1,0,0,2,2,1,2,4,1,2,1,0,1,1,0,2,6,29
Ponatinib,CC1=C(C=C(C=C1)C(=O)NC2=CC(=C(C=C2)CN3CCN(CC3)C)C(F)(F)F)C#CC4=CN=C5N4N=CC=C5,BRAF(V600E),1,1,0,2,1,1,1,1,1,6,4,1,0,2,0,0,2,1,0,4,29
Sirolimus,C[C@@H]1CC[C@H]2C[C@@H](/C(=C/C=C/C=C/[C@H](C[C@H](C(=O)[C@@H]([C@@H](/C(=C/[C@H](C(=O)C[C@H](OC(=O)[C@@H]3CCCCN3C(=O)C(=O)[C@@]1(O2)O)[C@H](C)C[C@@H]4CC[C@H]([C@@H](C4)OC)O)C)/C)O)OC)C)C)/C)OC,FKBP51,0,1,0,1,0,0,1,1,0,0,1,0,0,2,0,1,1,1,1,0,11
Entrectinib,CN1CCN(CC1)C2=CC(=C(C=C2)C(=O)NC3=NNC4=C3C=C(C=C4)CC5=CC(=CC(=C5)F)F)NC6CCOCC6,TRKA Kinase,1,3,1,2,1,0,2,4,1,0,2,1,1,2,0,0,0,0,1,2,24
Dasatinib,CC1=C(C(=CC=C1)Cl)NC(=O)C2=CN=C(S2)NC3=CC(=NC(=N3)C)N4CCN(CC4)CCO,BTK1 mutant,2,0,1,1,0,0,2,2,0,3,2,1,2,1,0,1,1,0,1,2,22
Ibrutinib,C=CC(=O)N1CCC[C@H](C1)N2C3=NC=NC(=C3C(=N2)C4=CC=C(C=C4)OC5=CC=CC=C5)N,BTK1,2,0,1,1,1,0,1,3,0,1,3,1,2,1,0,1,2,0,1,2,23
Sunitinib,CCN(CC)CCNC(=O)C1=C(NC(=C1C)/C=C\2/C3=C(C=CC(=C3)F)NC2=O)C  ,KIT kinase_1,2,0,0,2,3,0,1,2,0,0,2,2,0,1,0,0,1,0,2,2,20
Pexidartinib,C1=CC(=NC=C1CC2=CNC3=C2C=C(C=N3)Cl)NCC4=CN=C(C=C4)C(F)(F)F,KIT kinase_2,1,0,0,2,2,0,2,1,1,2,5,1,0,1,0,0,1,1,1,2,23
Tivozanib,CC1=CC(=NO1)NC(=O)NC2=C(C=C(C=C2)OC3=C4C=C(C(=CC4=NC=C3)OC)OC)Cl,VEGFR2 Mutant,1,0,0,1,2,0,2,2,1,3,4,2,0,3,0,0,0,0,0,5,26
Sunitinib,CCN(CC)CCNC(=O)C1=C(NC(=C1C)/C=C\2/C3=C(C=CC(=C3)F)NC2=O)C,VEGFR2 Mutant,1,0,0,1,2,0,1,2,0,0,2,3,0,3,0,0,0,0,0,3,18
Ceritinib,CC1=CC(=C(C=C1C2CCNCC2)OC(C)C)NC3=NC=C(C(=N3)NC4=CC=CC=C4S(=O)(=O)C(C)C)Cl,ALK Mutant,3,1,1,2,0,0,3,5,1,0,4,1,1,0,0,1,0,0,0,2,25
Alectinib,CCC1=CC2=C(C=C1N3CCC(CC3)N4CCOCC4)C(C5=C(C2=O)C6=C(N5)C=C(C=C6)C#N)(C)C,ALK_1,2,1,0,2,0,0,4,4,0,1,4,1,1,0,0,0,0,0,0,2,22
Liothyronine,C1=CC(=C(C=C1OC2=C(C=C(C=C2I)CC(C(=O)O)N)I)I)O,Androgen receptor,0,1,2,0,0,0,2,1,0,1,1,0,0,1,2,0,0,0,1,0,12
Testosterone,CC12CCC3C(C1CCC2O)CCC4=CC(=O)CCC34C,Androgen receptor,0,1,1,0,0,1,0,1,0,1,5,0,6,3,0,0,1,1,0,1,22
Testosterone,CC12CCC3C(C1CCC2O)CCC4=CC(=O)CCC34C,HUMAN PLACENTAL AROMATASE CYTOCHROME P450,1,1,0,1,0,0,0,0,0,2,2,0,1,2,0,1,1,1,0,2,15
Exemestane,C[C@]12CC[C@H]3[C@H]([C@@H]1CCC2=O)CC(=C)C4=CC(=O)C=C[C@]34C,HUMAN PLACENTAL AROMATASE CYTOCHROME P450,1,1,0,1,0,0,0,0,0,2,2,0,1,2,0,1,1,1,0,2,15
Phosphonotryosine,C1=CC(=CC=C1C[C@@H](C(=O)O)N)OP(=O)(O)O,Candi TMP1,1,0,1,2,0,1,0,1,0,0,0,0,0,0,1,0,1,1,0,0,9
isopropyl dihydrogen phosphate,CC(C)OP(=O)(O)O,Candi TMP1,0,0,0,1,2,1,0,2,1,0,0,0,0,0,0,3,0,1,0,1,12
Benzamidine,C1=CC=C(C=C1)C(=N)N,Coagulation factor VII (F7),1,0,0,1,2,1,0,3,0,0,0,1,0,0,0,3,0,1,1,2,16
Abemaciclib,CCN1CCN(CC1)CC2=CN=C(C=C2)NC3=NC=C(C(=N3)C4=CC5=C(C(=C4)F)N=C(N5C(C)C)C)F,CDK4-Cyclin D3 mutant,2,0,1,3,0,1,4,1,1,1,1,1,0,1,0,0,1,0,1,3,22
Abemaciclib,CCN1CCN(CC1)CC2=CN=C(C=C2)NC3=NC=C(C(=N3)C4=CC5=C(C(=C4)F)N=C(N5C(C)C)C)F,CDK4-Cyclin D3 mutant,1,3,0,0,0,0,0,0,0,0,1,0,0,0,1,0,0,0,1,2,9
Abemaciclib,CCN1CCN(CC1)CC2=CN=C(C=C2)NC3=NC=C(C(=N3)C4=CC5=C(C(=C4)F)N=C(N5C(C)C)C)F,CDK6,2,0,1,3,0,2,3,1,1,1,1,1,0,1,0,0,1,0,1,3,22
Palbociclib,CC1=C(C(=O)N(C2=NC(=NC=C12)NC3=NC=C(C=C3)N4CCNCC4)C5CCCC5)C(=O)C,CDK6,2,0,1,3,0,2,2,1,1,1,1,1,0,2,0,0,1,0,1,3,22
Bimatoprost,CCNC(=O)CCCC=CCC1C(CC(C1C=CC(CCC2=CC=CC=C2)O)O)O,prostaglandin F,0,0,1,0,0,0,0,0,2,0,2,0,1,3,2,5,0,2,4,1,23
Gliclazide,CC1=CC=C(C=C1)S(=O)(=O)NC(=O)NN2CC3CCCC3C2,AKR1C3,0,1,1,0,0,0,0,0,1,0,1,0,1,2,0,1,0,2,3,0,13
Phosphonotryosine,C1=CC(=CC=C1CC(C(=O)O)N)OP(=O)(O)O,Fyn kinase domain,1,4,1,0,0,0,1,1,0,1,0,0,0,1,0,0,1,0,0,0,11
Staurosporine,CC12C(C(CC(O1)N3C4=CC=CC=C4C5=C6C(=C7C8=CC=CC=C8N2C7=C53)CNC6=O)NC)OC,Fyn kinase domain,3,0,3,1,0,0,2,2,0,0,2,1,1,1,0,1,1,0,1,2,21
L-aspartic acid,C([C@@H](C(=O)O)N)C(=O)O,GCPII mutant,0,1,1,2,0,0,3,1,1,0,0,0,0,0,0,1,0,0,2,0,12
L-methionine,CSCC[C@@H](C(=O)O)N,GCPII,0,1,2,1,0,0,2,3,1,0,1,1,0,2,0,0,0,0,2,0,16
Taxol,CC1=C2C(C(=O)C3(C(CC4C(C3C(C(C2(C)C)(CC1OC(=O)C(C(C5=CC=CC=C5)NC(=O)C6=CC=CC=C6)O)O)OC(=O)C7=CC=CC=C7)(CO4)OC(=O)C)O)C)OC(=O)C,ABCB1+UIC2,1,0,0,0,0,4,1,0,0,2,2,0,4,5,0,1,0,0,2,0,22
Vincristine,CCC1(CC2CC(C3=C(CCN(C2)C1)C4=CC=CC=C4N3)(C5=C(C=C6C(=C5)C78CCN9C7C(C=CC9)(C(C(C8N6C=O)(C(=O)OC)O)OC(=O)C)CC)OC)C(=O)OC)O,ABCB1+MRK16,2,0,0,0,0,4,1,0,0,2,2,0,4,5,0,1,0,1,3,1,26
"3-[2-[6-(4-aminophenyl)imidazo[1,2-a]pyrazin-3-yl]ethynyl]-2-methyl-N-[3-(4-methylpiperazin-1-yl)-5-propan-2-ylphenyl]benzamide",CC1=C(C=CC=C1C(=O)NC2=CC(=CC(=C2)C(C)C)N3CCN(CC3)C)C#CC4=CN=C5N4C=C(N=C5)C6=CC=C(C=C6)N,TRKc,1,2,0,2,0,0,2,2,1,2,6,2,1,3,0,0,0,0,1,2,27
Alpelisib,CC1=C(SC(=N1)NC(=O)N2CCCC2C(=O)N)C3=CC(=NC=C3)C(C)(C)C(F)(F)F,Lipid Kinase PI3K alpha mutant,0,2,1,1,0,1,1,0,1,3,0,1,2,1,1,2,1,1,1,2,22
Taselisib,CC1=NN(C(=N1)C2=CN3CCOC4=C(C3=N2)C=CC(=C4)C5=CN(N=C5)C(C)(C)C(=O)N)C(C)C,PI3KDELTA,0,1,0,3,0,0,1,0,0,3,2,1,2,1,1,2,0,1,1,2,21
PI3K-IN-9,CC1CC1C(=O)N2CCN(CC2C)C3=CN=C(C(=N3)C4=CN(N=C4)C)C#N,PI3KDELTA,0,0,1,2,0,0,1,0,0,3,0,0,2,2,0,1,2,1,1,2,18
Copanlisib,COC1=C(C=CC2=C3NCCN3C(=NC(=O)C4=CN=C(N=C4)N)N=C21)OCCCN5CCOCC5,PI3KGAMMA,1,0,0,3,0,0,2,0,0,4,1,3,2,2,0,0,1,1,1,1,22
Buparlisib,C1COCCN1C2=NC(=NC(=C2)C3=CN=C(C=C3C(F)(F)F)N)N4CCOCC4,PI3KGAMMA,1,0,0,4,0,0,1,0,0,4,1,2,2,2,1,1,1,1,1,1,23
Rucaparib,CNCC1=CC=C(C=C1)C2=C3CCNC(=O)C4=C3C(=CC(=C4)F)N2,PARP1 mutant,1,0,1,1,0,1,2,2,1,0,0,1,0,1,0,1,1,1,2,0,16
Olaparib,C1CC1C(=O)N2CCN(CC2)C(=O)C3=C(C=CC(=C3)CC4=NNC(=O)C5=CC=CC=C54)F,PARP1,2,1,0,2,0,0,1,3,1,2,1,1,0,1,1,1,0,1,4,0,22
ATP,C1=NC(=C2C(=N1)N(C=N2)C3C(C(C(O3)COP(=O)(O)OP(=O)(O)OP(=O)(O)O)O)O)N,MET mutant,1,2,1,3,1,0,0,3,1,1,2,1,2,1,1,0,0,0,1,1,22
Crizotinib,CC(C1=C(C=CC(=C1Cl)F)Cl)OC2=C(N=CC(=C2)C3=CN(N=C3)C4CCNCC4)N,MET,3,1,1,1,1,0,0,2,1,1,2,2,2,0,1,0,0,0,2,1,21
Crizotinib,CC(C1=C(C=CC(=C1Cl)F)Cl)OC2=C(N=CC(=C2)C3=CN(N=C3)C4CCNCC4)N,ROS1,1,1,1,2,1,0,2,2,0,0,5,1,1,0,0,0,1,0,0,1,19
PF-06463922,CC1C2=C(C=CC(=C2)F)C(=O)N(CC3=NN(C(=C3C4=CC(=C(N=C4)N)O1)C#N)C)C,ROS1,1,1,1,2,1,0,3,4,0,0,5,1,1,0,0,0,0,0,0,1,21
"24(S), 25-epoxycholesterol",CC(CCC1C(O1)(C)C)C2CCC3C2(CCC4C3CC=C5C4(CCC(C5)O)C)C,SMO-Gi ,1,2,2,2,0,1,3,1,1,2,4,1,2,3,0,1,2,1,2,3,34
Cholesterol,CC(C)CCCC(C)C1CCC2C1(CCC3C2CC=C4C3(CCC(C4)O)C)C,SMO-G111C/I496C mutant,1,1,2,2,0,0,1,0,1,1,2,0,1,2,1,1,2,1,1,2,22
Ozanimod,CC(C)OC1=C(C=C(C=C1)C2=NC(=NO2)C3=C4CCC(C4=CC=C3)NCCO)C#N,S1PR1,1,0,1,0,1,0,2,0,0,1,6,1,1,2,0,1,1,1,0,3,22
Cenerimod,CCC1=C(C(=CC(=C1)C2=NOC(=N2)C3=CC(=NC(=C3)OC)C4CCCC4)C)OCC(CO)O,S1PR1,1,0,1,0,1,0,2,0,0,0,8,1,1,4,0,2,0,1,0,3,25
Cholic acid,CC(CCC(=O)O)C1CCC2C1(C(CC3C2C(CC4C3(CCC(C4)O)C)O)O)C,CYP11B1 mutant,1,4,0,0,0,0,1,0,1,0,3,0,3,4,1,2,0,1,3,0,24
Abiraterone,CC12CCC(CC1=CCC3C2CCC4(C3CC=C4C5=CN=CC=C5)C)O, P450 17A1 mutant N52Y,4,1,1,1,1,0,2,2,0,5,1,0,0,1,0,0,1,0,1,3,24
Pregnenolone,CC(=O)C1CCC2C1(CCC3C2CC=C4C3(CCC(C4)O)C)C,P450 17A1 mutant A105L,3,1,1,1,0,0,1,2,0,4,3,0,0,2,0,0,1,0,1,3,23
2'-deoxythymidine triphosphate,CC1=CN(C(=O)NC1=O)C2CC(C(O2)COP(=O)(O)OP(=O)(O)OP(=O)(O)O)O,type II thymidine kinase,0,2,0,2,0,1,2,3,0,1,1,1,1,4,1,3,3,0,1,2,28
P(1)-(Adenosine-5')-P(5)-(thymidine-5')-pentaphosphate,CC1=CN(C(=O)NC1=O)C2CC(C(O2)COP(=O)(O)OP(=O)(O)OP(=O)(O)OP(=O)(O)OCC3C(C(C(O3)N4C=NC5=C(N=CN=C54)N)O)O)O,Thymidine Kinase 1 mutant,1,2,0,2,0,1,2,3,0,1,1,1,1,4,1,2,3,0,1,2,28
Y35,[B-]1(OC2=C(O1)C=C(C=C2)C(=O)N3CCC(CC3)C4=CC=CC(=C4)CN)(C5=CC(=CC=C5)C6=CC(=CC=C6)C(=O)N7CCC(CC7)C8=CC=CC(=C8)CN)O,Human beta-tryptase,1,0,0,1,2,2,1,3,0,1,0,0,0,0,0,3,1,1,0,1,17
Imatinib,CC1=C(C=C(C=C1)NC(=O)C2=CC=C(C=C2)CN3CCN(CC3)C)NC4=NC=CC(=N4)C5=CN=CC=C5,syk tyrosine kinase,2,0,0,1,0,0,3,2,0,0,3,1,2,0,1,2,0,0,0,2,19
GS-9973,C1COCCN1C2=CC=C(C=C2)NC3=NC(=CN4C3=NC=C4)C5=CC6=C(C=C5)C=NN6,tyrosine kinase (Syk),2,0,0,1,0,0,2,3,0,0,3,2,2,1,1,2,0,0,0,2,21
Tranexamic Acid,C1CC(CCC1CN)C(=O)O,Urokinase Plasminogen Activator,0,0,0,1,2,1,0,4,1,0,0,0,0,0,1,3,0,1,0,2,16
Raloxifene,C1CCN(CC1)CCOC2=CC=C(C=C2)C(=O)C3=C(SC4=C3C=CC(=C4)O)C5=CC=C(C=C5)O,Human Aldehyde Oxidase SNP R1231H mutant,1,0,1,3,1,0,2,3,2,1,1,1,0,5,0,0,0,1,2,1,25
Flavin-Adenine Dinucelotide,CC1=CC2=C(C=C1C)N(C3=NC(=O)NC(=O)C3=N2)CC(C(C(COP(=O)(O)OP(=O)(O)OCC4C(C(C(O4)N5C=NC6=C(N=CN=C65)N)O)O)O)O)O,Human aldehyde oxidase,5,1,2,2,0,0,1,7,2,4,8,0,2,0,2,4,2,0,0,2,44
Sunitinib,CCN(CC)CCNC(=O)C1=C(NC(=C1C)C=C2C3=C(C=C(=C3)F)NC2=O)C,MAP4K1,3,1,0,2,1,1,1,3,0,0,2,1,1,1,0,1,0,0,0,2,20
L10BFL,CC1C2=C(C=CC(=C2Cl)F)C(=O)N(CC3=C(C(=NN3CCO)C)C4=CN=C(C(=N4)O1)N)C,UFO,2,1,1,2,1,0,0,2,0,0,2,2,3,1,1,1,0,0,0,1,20
TAK-285,CC(C)(CC(=O)NCCN1C=CC2=C1C(=NC=N2)NC3=CC(=C(C=C3)OC4=CC=CC(=C4)C(F)(F)F)Cl)O,HER2 Kinase,1,1,0,1,1,1,0,3,0,2,5,1,2,2,0,2,2,0,0,2,26
AZD-1480,C[C@H](NC1=NC=C(Cl)C(NC2=NNC(C)=C2)=N1)C1=NC=C(F)C=N1,Jak2_2,1,0,1,1,0,0,1,0,0,0,6,0,1,0,0,0,0,0,1,3,15
Crizotinib,CC(C1=C(C=CC(=C1Cl)F)Cl)OC2=C(N=CC(=C2)C3=CN(N=C3)C4CCNCC4)N,ALK_2,1,0,0,2,0,0,1,0,0,0,7,1,3,0,0,0,0,0,0,3,18
PF-03715455,CC(C)(C)C1=NN(C(NC(=O)NCC2=CC=CC=C2SC2=CN3C(C=C2)=NN=C3C2=CC=CC=C2SCCO)=C1)C1=CC=C(O)C(Cl)=C1,MAPK,2,2,0,4,0,0,4,1,0,3,8,1,3,2,0,0,1,0,0,5,36
Gefitinib,COC1=C(OCCCN2CCOCC2)C=C2C(NC3=CC(Cl)=C(F)C=C3)=NC=NC2=C1,EGFR_1,2,0,0,2,1,0,0,0,0,0,9,4,4,0,0,0,3,0,0,2,27
Vandetanib,COC1=C(OCC2CCN(C)CC2)C=C2N=CN=C(NC3=C(F)C=C(Br)C=C3)C2=C1,RET_2+C84,4,0,0,0,0,0,1,0,0,0,8,3,0,0,0,0,0,0,2,5,23
Purvalanol,[H][C@@](CO)(NC1=NC2=C(N=CN2C(C)C)C(NC2=CC=C(C(O)=O)C(Cl)=C2)=N1)C(C)C,SRPK2,0,0,0,0,0,0,0,0,1,0,7,0,1,1,0,0,0,0,1,4,15
MLN8054,OC(=O)C1=CC=C(NC2=NC=C3CN=C(C4=C(C=CC(Cl)=C4)C3=N2)C2=C(F)C=CC=C2F)C=C1,Aurora kinase A,5,3,0,0,0,0,0,0,0,0,9,1,0,0,0,0,0,0,0,4,22
AZD-7762,NC(=O)NC1=C(SC(=C1)C1=CC=CC(F)=C1)C(=O)N[C@H]1CCCNC1,CHK1,0,0,0,2,1,0,2,0,0,0,3,0,0,0,0,0,0,0,2,1,11
Dasatinib,CC1=NC(NC2=NC=C(S2)C(=O)NC2=C(C)C=CC=C2Cl)=CC(=N1)N1CCN(CCO)CC1,Lyn,3,0,0,0,0,0,1,0,0,1,5,1,4,0,0,0,3,0,0,2,20
Alvocidib,CN1CC[C@@H]([C@H](O)C1)C1=C(O)C=C(O)C2=C1OC(=CC2=O)C1=CC=CC=C1Cl,CDK9,3,0,0,4,1,0,0,0,0,1,3,1,0,3,0,0,0,0,0,3,19
Nintedanib,COC(=O)C1=CC=C2C(NC(=O)\C2=C(/NC2=CC=C(C=C2)N(C)C(=O)CN2CCN(C)CC2)C2=CC=CC=C2)=C1,VGFR2_1,0,0,0,0,2,0,5,0,0,0,5,1,0,0,0,0,0,0,0,8,21
Nilotinib,CC1=CN(C=N1)C1=CC(NC(=O)C2=CC=C(C)C(NC3=NC=CC(=N3)C3=CN=CC=C3)=C2)=CC(=C1)C(F)(F)F,ABL1_1,2,0,0,3,0,0,2,0,0,2,6,3,5,1,0,0,2,0,1,7,34
Seliciclib,CC[C@H](CO)NC1=NC(NCC2=CC=CC=C2)=C2N=CN(C(C)C)C2=N1,CDK2,3,0,0,1,0,0,0,0,0,3,4,0,0,4,0,0,0,0,0,3,18
Motesanib,CC1(C)CNC2=CC(NC(=O)C3=C(NCC4=CC=NC=C4)N=CC=C3)=CC=C12,VGFR2_2,1,0,0,4,2,0,2,0,0,2,6,1,0,1,0,0,0,0,0,8,27
SB220025,NC1=NC=CC(=N1)C1=C(N=CN1C1CCNCC1)C1=CC=C(F)C=C1,MAPK1,2,0,0,3,0,3,0,0,0,2,1,2,1,0,0,0,0,0,0,3,17
BMS-777607,CCOC1=C(C(=O)NC2=CC=C(OC3=C(Cl)C(N)=NC=C3)C(F)=C2)C(=O)N(C=C1)C1=CC=C(F)C=C1,MET,3,0,0,2,0,0,1,0,0,2,4,4,5,5,0,0,0,0,0,5,31
Neflamapimod,FC1=CC(F)=C(SC2=NN3C=NC(=O)C(=C3C=C2)C2=C(Cl)C=CC=C2Cl)C=C1,MAPK14,2,0,0,2,0,0,0,1,0,1,7,3,2,0,0,0,2,0,0,4,24
Imatinib,CN1CCN(CC2=CC=C(C=C2)C(=O)NC2=CC(NC3=NC=CC(=N3)C3=CN=CC=C3)=C(C)C=C2)CC1,ABL2,2,0,0,2,0,0,2,0,0,3,3,2,5,0,0,0,3,0,1,4,27
SD-0006,OCC(=O)N1CCC(CC1)C1=NNC(=C1C1=CC=NC=N1)C1=CC=C(Cl)C=C1,MAPK14,2,0,0,0,0,0,0,0,0,1,5,2,1,0,0,0,2,0,0,5,18
PH-797804,CNC(=O)C1=CC=C(C)C(=C1)N1C(C)=CC(OCC2=C(F)C=C(F)C=C2)=C(Br)C1=O,MAPK14,2,0,0,1,0,0,0,1,0,2,6,1,2,0,0,0,4,0,0,5,24
Talmapimod,C[C@@H]1CN([C@H](CN1C(=O)C2=C(C=C3C(=C2)C(=CN3C)C(=O)C(=O)N(C)C)Cl)C)CC4=CC=C(C=C4)F,MAPK14,3,0,0,2,0,0,0,1,0,2,5,1,1,0,0,0,3,0,2,3,23
Sotrastaurin,CN1CCN(CC1)C1=NC(C2=C(C(=O)NC2=O)C2=CNC3=C2C=CC=C3)=C2C=CC=CC2=N1,PKCα,1,0,0,4,0,0,1,0,0,0,1,1,3,2,0,0,0,0,0,4,17
Balanol,OC(=O)C1=CC=CC(O)=C1C(=O)C1=C(O)C=C(C=C1O)C(=O)O[C@@H]1CCCNC[C@@H]1NC(=O)C1=CC=C(O)C=C1,BARK1,2,0,0,3,0,0,2,1,0,1,3,0,2,0,0,1,0,0,0,4,19
Tofacitinib,C[C@@H]1CCN(C[C@@H]1N(C)C1=NC=NC2=C1C=CN2)C(=O)CC#N,JAK3,2,0,0,2,2,0,1,0,0,0,3,0,0,0,0,0,0,0,0,2,12
Dichlororibofuranosylbenzimidazole,OC[C@H]1O[C@H]([C@H](O)[C@@H]1O)N1C=NC2=CC(Cl)=C(Cl)C=C12,CDK2,2,0,0,1,0,1,0,0,0,3,4,0,0,2,0,0,0,0,0,2,15
Doramapimod,CC1=CC=C(C=C1)N1N=C(C=C1NC(=O)NC1=CC=C(OCCN2CCOCC2)C2=C1C=CC=C2)C(C)(C)C,MAPK9,1,1,0,2,,,,,,,,,,,,,,,,,4
Rebastinib,CNC(=O)C1=CC(OC2=CC=C(NC(=O)NC3=CC(=NN3C3=CC4=CC=CN=C4C=C3)C(C)(C)C)C(F)=C2)=CC=N1,ABL1_2,2,0,0,3,0,0,4,0,0,2,7,2,3,2,0,0,1,0,0,4,30
Sorafenib,CNC(=O)C1=NC=CC(OC2=CC=C(NC(=O)NC3=CC(=C(Cl)C=C3)C(F)(F)F)C=C2)=C1,CDK8,4,0,0,3,0,0,3,0,0,4,8,1,4,2,0,0,0,0,0,4,33
Tanzisertib,C1COC[C@H]1N2C3=NC(=NC=C3N=C2NC4=C(C=C(C=C4F)F)F)NC5CCC(CC5)O,MAPK10,1,0,0,0,0,1,0,0,0,4,5,3,7,0,0,0,0,0,0,5,26
Bosutinib,COC1=CC(NC2=C(C=NC3=CC(OCCCN4CCN(C)CC4)=C(OC)C=C23)C#N)=C(Cl)C=C1Cl,ABL1_3,4,0,0,0,0,0,0,0,0,2,6,4,3,5,0,0,2,0,0,2,28
Mirdametinib,C1=CC(=C(C=C1I)F)NC2=C(C=CC(=C2F)F)C(=O)NOC[C@@H](CO)O,MAP2K1,0,0,0,2,0,0,0,0,0,6,7,3,5,1,0,0,0,0,0,3,27
Paroxetine,FC1=CC=C(C=C1)[C@@H]1CCNC[C@H]1COC1=CC2=C(OCO2)C=C1,ARBK1,4,0,0,2,0,0,0,0,0,1,5,1,3,0,0,0,0,0,0,5,21
PP-121,NC1=NC=NC2=C1C(=NN2C1CCCC1)C1=CC2=C(NC=C2)N=C1,Hck,0,0,0,0,0,0,1,0,0,0,3,0,1,0,0,1,1,0,0,2,9
Sorafenib,CNC(=O)C1=NC=CC(OC2=CC=C(NC(=O)NC3=CC(=C(Cl)C=C3)C(F)(F)F)C=C2)=C1,VGFR2,2,0,0,2,4,0,3,0,0,5,9,1,0,0,0,0,0,0,0,7,33
Staurosporine,CC12C(C(CC(O1)N3C4=CC=CC=C4C5=C6C(=C7C8=CC=CC=C8N2C7=C53)CNC6=O)NC)OC,EPHB4,,,,,,,,,,,,,,,,,,,,,